-- --------------------------------------------------------
-- 主机:                           127.0.0.1
-- 服务器版本:                        5.5.5-10.0.14-MariaDB - mariadb.org binary distribution
-- 服务器操作系统:                      Win64
-- HeidiSQL 版本:                  8.3.0.4694
-- --------------------------------------------------------

/*!40101 SET @OLD_CHARACTER_SET_CLIENT=@@CHARACTER_SET_CLIENT */;
/*!40101 SET NAMES utf8 */;
/*!40014 SET @OLD_FOREIGN_KEY_CHECKS=@@FOREIGN_KEY_CHECKS, FOREIGN_KEY_CHECKS=0 */;
/*!40101 SET @OLD_SQL_MODE=@@SQL_MODE, SQL_MODE='NO_AUTO_VALUE_ON_ZERO' */;

-- 导出 hd_project 的数据库结构
CREATE DATABASE IF NOT EXISTS `hd_project` /*!40100 DEFAULT CHARACTER SET utf8 */;
USE `hd_project`;


-- 导出  表 hd_project.accout 结构
CREATE TABLE IF NOT EXISTS `accout` (
  `userID` int(11) NOT NULL AUTO_INCREMENT,
  `userName` char(50) NOT NULL DEFAULT '0',
  `password` char(50) NOT NULL DEFAULT '0',
  PRIMARY KEY (`userID`)
) ENGINE=InnoDB AUTO_INCREMENT=15 DEFAULT CHARSET=utf8 COMMENT='账户信息';

-- 正在导出表  hd_project.accout 的数据：~8 rows (大约)
/*!40000 ALTER TABLE `accout` DISABLE KEYS */;
INSERT INTO `accout` (`userID`, `userName`, `password`) VALUES
	(1, 'DD@123.com', '123'),
	(2, 'sweetlife1225@163.com', '12345'),
	(3, 'kk', '234'),
	(4, 'abc@163.com', '12345678a'),
	(5, 'hhhh@163.com', '12345678b'),
	(6, 'cccc@163.com', '12345678a'),
	(7, 'fff@163.com', 'abcdefgh1'),
	(8, 'aaaaa@123.com', '12345678as'),
	(9, 'uuu@163.xom', '12345678i'),
	(10, 'hi@123.com', '12345678u'),
	(11, 'cccc@123.com', '12345678a'),
	(12, 'pp@123.com', '12345678a'),
	(13, 'hello@123.com', '12345678o'),
	(14, 'ko@123.com', '12345678o');
/*!40000 ALTER TABLE `accout` ENABLE KEYS */;


-- 导出  表 hd_project.cart 结构
CREATE TABLE IF NOT EXISTS `cart` (
  `cartID` int(50) NOT NULL AUTO_INCREMENT,
  `username` char(200) NOT NULL DEFAULT '0',
  `shoplist` text,
  PRIMARY KEY (`cartID`)
) ENGINE=InnoDB AUTO_INCREMENT=7 DEFAULT CHARSET=utf8 COMMENT='购物车表';

-- 正在导出表  hd_project.cart 的数据：~6 rows (大约)
/*!40000 ALTER TABLE `cart` DISABLE KEYS */;
INSERT INTO `cart` (`cartID`, `username`, `shoplist`) VALUES
	(1, 'abc', ''),
	(2, 'cfb', ''),
	(3, 'pp@123.com', '[{"gId":"10001","gImg":"http://localhost/HD/img/goods/HS/10001/big/1055410_G_1483584631438.jpg","gTitle":"韩都衣舍2017韩版女装春装新款条纹套头宽松高领毛衣LF7092蒖","gSize":"S","gColor":"藏蓝色","oPrice":"328.00","gPrice":"168.00","gNum":4,"gInventory":"249"},{"gId":"10005","gImg":"http://localhost/HD/img/goods/HS/10005/big/201612291412330_JZ7813.jpg","gTitle":"韩都衣舍2017韩版女装春装新款套头字母露肩连帽宽松卫衣JZ7813筱","gSize":"XS","gColor":"红色","oPrice":"228.00","gPrice":"106.00","gNum":"3","gInventory":"80"}]'),
	(4, 'DD@123.com', '[{"gId":"10005","gImg":"http://localhost/HD/img/goods/HS/10005/big/201612291412330_JZ7813.jpg","gTitle":"韩都衣舍2017韩版女装春装新款套头字母露肩连帽宽松卫衣JZ7813筱","gSize":"M","gColor":"红色","oPrice":"228.00","gPrice":"106.00","gNum":"10","gInventory":"80"},{"gId":"10004","gImg":"http://localhost/HD/img/goods/HS/10004/big/20161229141242_NJ7122.jpg","gTitle":"韩都衣舍2017韩版女装春装新款中长款宽松背带牛仔连衣裙NJ7122筱","gSize":"XS","gColor":"浅蓝色","oPrice":"298.00","gPrice":"148.00","gNum":4,"gInventory":"30"},{"gId":"10001","gImg":"http://localhost/HD/img/goods/HS/10001/big/1055410_G_1483584631438.jpg","gTitle":"韩都衣舍2017韩版女装春装新款条纹套头宽松高领毛衣LF7092蒖","gSize":"S","gColor":"藏蓝色","oPrice":"328.00","gPrice":"168.00","gNum":31,"gInventory":"249"},{"gId":"10003","gImg":"http://localhost/HD/img/goods/HS/10002/big/20161229141229_OU8011.jpg","gTitle":"韩都衣舍2017韩版女装春装新款圆领条纹绑带宽松百搭T恤OU8011筱","gSize":"S","gColor":"绿色","oPrice":"188.00","gPrice":"88.00","gNum":"6","gInventory":"193"}]'),
	(5, 'hello@123.com', NULL),
	(6, 'ko@123.com', '[{"gId":"10012","gImg":"http://localhost/HD/img/goods/DK/10012/big/20161231031203_WQ6274.jpg","gTitle":"迪葵纳妈妈装2017春装新款中年中老年女装长袖针织衫WQ6274沣0103","gSize":"L","gColor":"米色","oPrice":"299.00","gPrice":"169.00","gNum":"1","gInventory":"55"}]');
/*!40000 ALTER TABLE `cart` ENABLE KEYS */;


-- 导出  表 hd_project.goods 结构
CREATE TABLE IF NOT EXISTS `goods` (
  `goodsID` char(50) NOT NULL,
  `goodsTitle` char(50) NOT NULL,
  `Art_Num` char(50) NOT NULL,
  `goodsPrice` float NOT NULL,
  `goodsOldPrice` float NOT NULL,
  `sales` int(50) NOT NULL,
  `size` char(50) NOT NULL,
  `color` char(200) NOT NULL,
  `inventory` int(50) NOT NULL,
  `style` char(50) NOT NULL,
  `img_b` char(200) NOT NULL,
  `img_s1` text NOT NULL,
  `img_s2` text NOT NULL,
  `img_s3` text NOT NULL,
  `img_s4` text NOT NULL,
  `img_s5` text NOT NULL,
  `detailsNum` text NOT NULL,
  `img_details0` text,
  `img_details1` text,
  `img_details2` text,
  `img_details3` text,
  `img_details4` text,
  `img_details5` text,
  `img_details6` text,
  `img_details7` text,
  `img_details8` text,
  `img_details9` text,
  `img_details10` text,
  `img_details11` text,
  `img_details12` text,
  `img_details13` text,
  `img_details14` text,
  `img_details15` text,
  `img_details16` text,
  `img_details17` text,
  `img_details18` text,
  `img_details19` text,
  `img_details20` text,
  `img_details21` text,
  `img_details22` text,
  `img_details23` text,
  `img_details24` text,
  `img_details25` text,
  `img_details26` text,
  `img_details27` text,
  `img_details28` text,
  `img_details29` text,
  `img_details30` text,
  `img_details31` text,
  `img_details32` text,
  `img_details33` text,
  `img_details34` text,
  `img_details35` text,
  `img_details36` text,
  `img_details37` text,
  PRIMARY KEY (`goodsID`)
) ENGINE=InnoDB DEFAULT CHARSET=utf8 COMMENT='商品信息表';

-- 正在导出表  hd_project.goods 的数据：~52 rows (大约)
/*!40000 ALTER TABLE `goods` DISABLE KEYS */;
INSERT INTO `goods` (`goodsID`, `goodsTitle`, `Art_Num`, `goodsPrice`, `goodsOldPrice`, `sales`, `size`, `color`, `inventory`, `style`, `img_b`, `img_s1`, `img_s2`, `img_s3`, `img_s4`, `img_s5`, `detailsNum`, `img_details0`, `img_details1`, `img_details2`, `img_details3`, `img_details4`, `img_details5`, `img_details6`, `img_details7`, `img_details8`, `img_details9`, `img_details10`, `img_details11`, `img_details12`, `img_details13`, `img_details14`, `img_details15`, `img_details16`, `img_details17`, `img_details18`, `img_details19`, `img_details20`, `img_details21`, `img_details22`, `img_details23`, `img_details24`, `img_details25`, `img_details26`, `img_details27`, `img_details28`, `img_details29`, `img_details30`, `img_details31`, `img_details32`, `img_details33`, `img_details34`, `img_details35`, `img_details36`, `img_details37`) VALUES
	('10001', '韩都衣舍2017韩版女装春装新款条纹套头宽松高领毛衣LF7092蒖', 'LF7092', 168, 328, 10, 'S,M,L', '藏蓝色,米白色,灰色', 249, 'HSTYLE女装', 'HS/10001/big/1055410_G_1483584631438.jpg', 'HS/10001/big/1055410_G_1483584631438.jpg', 'HS/10001/big/201701051001161_LF7092.jpg', 'HS/10001/big/201701051001162_LF7092.jpg', 'HS/10001/big/201701051001163_LF7092.jpg', 'HS/10001/big/201701051001164_LF7092.jpg', '38', 'HS/10001/details/TB2Mblsa9tkpuFjy0FhXXXQzFXa-263817957.jpg', 'HS/10001/details/TB28npsaYtlpuFjSspfXXXLUpXa-263817957.jpg', 'HS/10001/details/TB25L1xbblmpuFjSZFlXXbdQXXa-263817957.jpg', 'HS/10001/details/TB2srBxaW8lpuFjy0FpXXaGrpXa-263817957.jpg', 'HS/10001/details/TB2Y_1ubctnpuFjSZFKXXalFFXa-263817957.gif', 'HS/10001/details/TB24OSba80lpuFjSszdXXcdxFXa-263817957.jpg', 'HS/10001/details/TB2_r5AbbxmpuFjSZJiXXXauVXa-263817957.jpg', 'HS/10001/details/TB27tSubbJmpuFjSZFwXXaE4VXa-263817957.jpg', 'HS/10001/details/TB2hb9AbbxmpuFjSZJiXXXauVXa-263817957.jpg', 'HS/10001/details/TB2p2Wda9xjpuFjSszeXXaeMVXa-263817957.jpg', 'HS/10001/details/TB2Wbdxa88lpuFjy0FnXXcZyXXa-263817957.jpg', 'HS/10001/details/TB2l9Vsa4XlpuFjSsphXXbJOXXa-263817957.jpg', 'HS/10001/details/TB2y2fsbhlmpuFjSZPfXXc9iXXa-263817957.jpg', 'HS/10001/details/TB27t6pbbJmpuFjSZFBXXXaZXXa-263817957.jpg', 'HS/10001/details/TB2irhxa88lpuFjy0FnXXcZyXXa-263817957.jpg', 'HS/10001/details/TB2UNhUcNBmpuFjSZFsXXcXpFXa-263817957.jpg', 'HS/10001/details/TB2oD8TcItnpuFjSZFKXXalFFXa-263817957.jpg', 'HS/10001/details/TB2CDt3cS0mpuFjSZPiXXbssVXa-263817957.jpg', 'HS/10001/details/TB2ej2nbhxmpuFjSZFNXXXrRXXa-263817957.jpg', 'HS/10001/details/TB2Dbpwa3FkpuFjSspnXXb4qFXa-263817957.jpg', 'HS/10001/details/TB2L6TobctnpuFjSZFvXXbcTpXa-263817957.jpg', 'HS/10001/details/TB2FeyxbipnpuFjSZFkXXc4ZpXa-263817957.jpg', 'HS/10001/details/TB2.rpsa9tkpuFjy0FhXXXQzFXa-263817957.jpg', 'HS/10001/details/TB2r_Srbm4mpuFjSZFOXXaUqpXa-263817957.jpg', 'HS/10001/details/TB2x5Vpa3JkpuFjSszcXXXfsFXa-263817957.jpg', 'HS/10001/details/TB2eSwPbItnpuFjSZFvXXbcTpXa-263817957.jpg', 'HS/10001/details/TB2IJeabrJkpuFjy1zcXXa5FFXa-263817957.gif', 'HS/10001/details/TB27LSfbB8kpuFjSspeXXc7IpXa-263817957.jpg', 'HS/10001/details/TB2MDqgbwFkpuFjSspnXXb4qFXa-263817957.jpg', 'HS/10001/details/TB2oftqa9BjpuFjy1XdXXaooVXa-263817957.jpg', 'HS/10001/details/TB2SDWxbohnpuFjSZFPXXb_4XXa-263817957.jpg', 'HS/10001/details/TB2KByCbb4npuFjSZFmXXXl4FXa-263817957.gif', 'HS/10001/details/TB2EeluaYXlpuFjSszfXXcSGXXa-263817957.jpg', 'HS/10001/details/TB2tJqCbm8mpuFjSZFMXXaxpVXa-263817957.jpg', 'HS/10001/details/TB2V680bMxlpuFjy0FoXXa.lXXa-263817957.jpg', 'HS/10001/details/TB2.HcMbb0kpuFjy0FjXXcBbVXa-263817957.jpg', 'HS/10001/details/TB2MiQ0bH4npuFjSZFmXXXl4FXa-263817957.jpg', 'HS/10001/details/TB26KqcbrtlpuFjSspfXXXLUpXa-263817957.jpg'),
	('10002', '韩都衣舍2017韩版女装春装新款纯色宽松套头高领针织衫NG6445蒖', 'NG6445', 128, 258, 10, 'S,M,L', '红色,米白色', 291, 'HSTYLE女装', 'HS/10003/big/20161229141227_NG6445.jpg', 'HS/10003/big/20161229141227_NG6445.jpg', 'HS/10003/big/201612291412271_NG6445.jpg', 'HS/10003/big/201612291412272_NG6445.jpg', 'HS/10003/big/201612291412273_NG6445.jpg', 'HS/10003/big/201612291412274_NG6445.jpg', '30', 'HS/10003/details/TB2Z1K2bUlnpuFjSZFjXXXTaVXa-263817957.jpg', 'HS/10003/details/TB2S016bOpnpuFjSZFkXXc4ZpXa-263817957.jpg', 'HS/10003/details/TB2Y6cGbgxlpuFjSszgXXcJdpXa-263817957.jpg', 'HS/10003/details/TB2WtoNbUhnpuFjSZFEXXX0PFXa-263817957.jpg', 'HS/10003/details/TB22uAMbbFkpuFjy1XcXXclapXa-263817957.jpg', 'HS/10003/details/TB2_AIJbbXlpuFjy1zbXXb_qpXa-263817957.jpg', 'HS/10003/details/TB23jy4bJFopuFjSZFHXXbSlXXa-263817957.jpg', 'HS/10003/details/TB27NeWbHBnpuFjSZFGXXX51pXa-263817957.jpg', 'HS/10003/details/TB2VrevbQqvpuFjSZFhXXaOgXXa-263817957.jpg', 'HS/10003/details/TB2HWcFbbtlpuFjSspfXXXLUpXa-263817957.jpg', 'HS/10003/details/TB2Jg54bUhnpuFjSZFPXXb_4XXa-263817957.jpg', 'HS/10003/details/TB2hWsFbbXlpuFjSszfXXcSGXXa-263817957.jpg', 'HS/10003/details/TB2XVq6bItnpuFjSZFvXXbcTpXa-263817957.jpg', 'HS/10003/details/TB26tu8bSFmpuFjSZFrXXayOXXa-263817957.jpg', 'HS/10003/details/TB2hHEDbhdkpuFjy0FbXXaNnpXa-263817957.jpg', 'HS/10003/details/TB221S7bNBmpuFjSZFDXXXD8pXa-263817957.jpg', 'HS/10003/details/TB2A5GUbJBopuFjSZPcXXc9EpXa-263817957.jpg', 'HS/10003/details/TB2_614bJFopuFjSZFHXXbSlXXa-263817957.jpg', 'HS/10003/details/TB2fi3LbUdnpuFjSZPhXXbChpXa-263817957.jpg', 'HS/10003/details/TB27B5YbNtmpuFjSZFqXXbHFpXa-263817957.jpg', 'HS/10003/details/TB2VP1_bHBmpuFjSZFAXXaQ0pXa-263817957.jpg', 'HS/10003/details/TB2x6m4bJFopuFjSZFHXXbSlXXa-263817957.jpg', 'HS/10003/details/TB2XEAKbmFjpuFjSspbXXXagVXa-263817957.jpg', 'HS/10003/details/TB27lcIbl4lpuFjy1zjXXcAKpXa-263817957.jpg', 'HS/10003/details/TB2S4wrbeJ8puFjy1XbXXagqVXa-263817957.jpg', 'HS/10003/details/TB24PgCblNkpuFjy0FaXXbRCVXa-263817957.jpg', 'HS/10003/details/TB24896bUhnpuFjSZFEXXX0PFXa-263817957.jpg', 'HS/10003/details/TB2.HcMbb0kpuFjy0FjXXcBbVXa-263817957.jpg', 'HS/10003/details/TB23Cm_bItnpuFjSZFKXXalFFXa-263817957.jpg', 'HS/10003/details/TB2tmi5bHBnpuFjSZFGXXX51pXa-263817957.jpg', NULL, NULL, NULL, NULL, NULL, NULL, NULL, NULL),
	('10003', '韩都衣舍2017韩版女装春装新款圆领条纹绑带宽松百搭T恤OU8011筱', 'OU8011', 88, 188, 8, 'S,M,L', '红色,绿色', 193, 'HSTYLE女装', 'HS/10002/big/20161229141229_OU8011.jpg', 'HS/10002/big/20161229141229_OU8011.jpg', 'HS/10002/big/201612291412291_OU8011.jpg', 'HS/10002/big/201612291412292_OU8011.jpg', 'HS/10002/big/201612291412293_OU8011.jpg', 'HS/10002/big/201612291412294_OU8011.jpg', '24', 'HS/10002/details/TB2Iwprb0BopuFjSZPcXXc9EpXa-263817957.jpg', 'HS/10002/details/TB2S6i1bCJjpuFjy0FdXXXmoFXa-263817957.jpg', 'HS/10002/details/TB2Zd63bC0mpuFjSZPiXXbssVXa-263817957.gif', 'HS/10002/details/TB2qsKPbB0kpuFjy1zdXXXuUVXa-263817957.jpg', 'HS/10002/details/TB21dyVbr8kpuFjy0FcXXaUhpXa-263817957.jpg', 'HS/10002/details/TB2JXFubYBnpuFjSZFGXXX51pXa-263817957.jpg', 'HS/10002/details/TB2IVXDb0RopuFjSZFtXXcanpXa-263817957.jpg', 'HS/10002/details/TB2lhXybZtnpuFjSZFKXXalFFXa-263817957.jpg', 'HS/10002/details/TB2WFXDb0RopuFjSZFtXXcanpXa-263817957.jpg', 'HS/10002/details/TB2pkSRbB4lpuFjy1zjXXcAKpXa-263817957.jpg', 'HS/10002/details/TB2hwyTbrVkpuFjSspcXXbSMVXa-263817957.jpg', 'HS/10002/details/TB2Eb1Vbq8lpuFjy0FpXXaGrpXa-263817957.jpg', 'HS/10002/details/TB2wBdBb5lnpuFjSZFgXXbi7FXa-263817957.jpg', 'HS/10002/details/TB2LkSRbB4lpuFjy1zjXXcAKpXa-263817957.jpg', 'HS/10002/details/TB2MdCXbbRkpuFjSspmXXc.9XXa-263817957.jpg', 'HS/10002/details/TB26HlSbCBjpuFjSsplXXa5MVXa-263817957.gif', 'HS/10002/details/TB29ph9bgRkpuFjy1zeXXc.6FXa-263817957.jpg', 'HS/10002/details/TB2.GP7bxlmpuFjSZPfXXc9iXXa-263817957.jpg', 'HS/10002/details/TB2GWn5bxhmpuFjSZFyXXcLdFXa-263817957.gif', 'HS/10002/details/TB2glX.bl8lpuFjSspaXXXJKpXa-263817957.jpg', 'HS/10002/details/TB2wSv0btRopuFjSZFtXXcanpXa-263817957.jpg', 'HS/10002/details/TB2C4fYbxBmpuFjSZFsXXcXpFXa-263817957.jpg', 'HS/10002/details/TB2W78.bl8lpuFjSspaXXXJKpXa-263817957.jpg', 'HS/10002/details/TB2xldQbeJ8puFjy1XbXXagqVXa-263817957.jpg', NULL, NULL, NULL, NULL, NULL, NULL, NULL, NULL, NULL, NULL, NULL, NULL, NULL, NULL),
	('10004', '韩都衣舍2017韩版女装春装新款中长款宽松背带牛仔连衣裙NJ7122筱', 'NJ7122', 148, 298, 7, 'XS,S,M,L', '浅蓝色,深蓝色', 30, 'HSTYLE女装', 'HS/10004/big/20161229141242_NJ7122.jpg', 'HS/10004/big/20161229141242_NJ7122.jpg', 'HS/10004/big/201612291412421_NJ7122.jpg', 'HS/10004/big/201612291412422_NJ7122.jpg', 'HS/10004/big/201612291412423_NJ7122.jpg', 'HS/10004/big/201612291412424_NJ7122.jpg', '25', 'HS/10004/details/TB2gnTabrRkpuFjSspmXXc.9XXa-263817957.jpg', 'HS/10004/details/TB2Pua.brplpuFjSspiXXcdfFXa-263817957.jpg', 'HS/10004/details/TB2.rxYb00opuFjSZFxXXaDNVXa-263817957.jpg', 'HS/10004/details/TB2OalZbYlmpuFjSZFlXXbdQXXa-263817957.jpg', 'HS/10004/details/TB2DHncbwJlpuFjSspjXXcT.pXa-263817957.jpg', 'HS/10004/details/TB24mm5brXlpuFjSszfXXcSGXXa-263817957.jpg', 'HS/10004/details/TB2cWFZb.hnpuFjSZFEXXX0PFXa-263817957.jpg', 'HS/10004/details/TB2yV96bB0kpuFjSsziXXa.oVXa-263817957.jpg', 'HS/10004/details/TB21U0Ub.hnpuFjSZFpXXcpuXXa-263817957.jpg', 'HS/10004/details/TB2ze01bYJmpuFjSZFBXXXaZXXa-263817957.jpg', 'HS/10004/details/TB2zrhWb.dnpuFjSZPhXXbChpXa-263817957.jpg', 'HS/10004/details/TB26P8Vb0FopuFjSZFHXXbSlXXa-263817957.jpg', 'HS/10004/details/TB27gTabr8kpuFjy0FcXXaUhpXa-263817957.jpg', 'HS/10004/details/TB2Tza.brVkpuFjSspcXXbSMVXa-263817957.jpg', 'HS/10004/details/TB213l0b4hmpuFjSZFyXXcLdFXa-263817957.jpg', 'HS/10004/details/TB2guK.bwFkpuFjSspnXXb4qFXa-263817957.jpg', 'HS/10004/details/TB2o7zXbB0kpuFjy1XaXXaFkVXa-263817957.jpg', 'HS/10004/details/TB2LqpZb.hnpuFjSZFEXXX0PFXa-263817957.jpg', 'HS/10004/details/TB2T3x3b04opuFjSZFLXXX8mXXa-263817957.jpg', 'HS/10004/details/TB2VDLabrRkpuFjSspmXXc.9XXa-263817957.jpg', 'HS/10004/details/TB2satZb.hnpuFjSZFEXXX0PFXa-263817957.jpg', 'HS/10004/details/TB2K9u9bC0jpuFjy0FlXXc0bpXa-263817957.jpg', 'HS/10004/details/TB2fxi5bCBjpuFjSsplXXa5MVXa-263817957.jpg', 'HS/10004/details/TB2TO1.brVkpuFjSspcXXbSMVXa-263817957.jpg', 'HS/10004/details/TB2yHxYb00opuFjSZFxXXaDNVXa-263817957.jpg', NULL, NULL, NULL, NULL, NULL, NULL, NULL, NULL, NULL, NULL, NULL, NULL, NULL),
	('10005', '韩都衣舍2017韩版女装春装新款套头字母露肩连帽宽松卫衣JZ7813筱', 'JZ7813', 106, 228, 6, 'XS,S,M,L', '红色,黑色', 80, 'HSTYLE女装', 'HS/10005/big/201612291412330_JZ7813.jpg', 'HS/10005/big/201612291412330_JZ7813.jpg', 'HS/10005/big/201612291412331_JZ7813.jpg', 'HS/10005/big/201612291412332_JZ7813.jpg', 'HS/10005/big/201612291412333_JZ7813.jpg', 'HS/10005/big/201612291412334_JZ7813.jpg', '23', 'HS/10005/details/TB2luVLbr0kpuFjy0FjXXcBbVXa-263817957.jpg', 'HS/10005/details/TB2ZnQkbUhnpuFjSZFPXXb_4XXa-263817957.jpg', 'HS/10005/details/TB2RvAlbUdnpuFjSZPhXXbChpXa-263817957.gif', 'HS/10005/details/TB2SAwybUhnpuFjSZFpXXcpuXXa-263817957.jpg', 'HS/10005/details/TB2WqkxbItnpuFjSZFKXXalFFXa-263817957.jpg', 'HS/10005/details/TB2bgAzbJFopuFjSZFHXXbSlXXa-263817957.jpg', 'HS/10005/details/TB2p2hZbB0kpuFjy1zdXXXuUVXa-263817957.jpg', 'HS/10005/details/TB2hY.FbJXnpuFjSZFoXXXLcpXa-263817957.jpg', 'HS/10005/details/TB2e7sBbUhnpuFjSZFEXXX0PFXa-263817957.jpg', 'HS/10005/details/TB2XZEFbHBmpuFjSZFuXXaG_XXa-263817957.jpg', 'HS/10005/details/TB2nZEFbHBmpuFjSZFuXXaG_XXa-263817957.jpg', 'HS/10005/details/TB2ZAQHbNlmpuFjSZPfXXc9iXXa-263817957.jpg', 'HS/10005/details/TB2QVgBbNxmpuFjSZFNXXXrRXXa-263817957.jpg', 'HS/10005/details/TB24gEDbS8mpuFjSZFMXXaxpVXa-263817957.jpg', 'HS/10005/details/TB21mhYbCtkpuFjy0FhXXXQzFXa-263817957.gif', 'HS/10005/details/TB2OGdSbB8lpuFjy0FnXXcZyXXa-263817957.jpg', 'HS/10005/details/TB2MLhObwxlpuFjSszbXXcSVpXa-263817957.jpg', 'HS/10005/details/TB204oqbJXnpuFjSZFoXXXLcpXa-263817957.jpg', 'HS/10005/details/TB2WERLbrFlpuFjy0FgXXbRBVXa-263817957.jpg', 'HS/10005/details/TB2SaonbOpnpuFjSZFkXXc4ZpXa-263817957.jpg', 'HS/10005/details/TB2BYtMbB0kpuFjy1zdXXXuUVXa-263817957.jpg', 'HS/10005/details/TB2VJZrbJ4opuFjSZFLXXX8mXXa-263817957.jpg', 'HS/10005/details/TB2FvAlbUdnpuFjSZPhXXbChpXa-263817957.jpg', NULL, NULL, NULL, NULL, NULL, NULL, NULL, NULL, NULL, NULL, NULL, NULL, NULL, NULL, NULL),
	('10006', '娜娜日记甜美女装2017春装新款黑色黄色学生长袖T恤女宽松NP6596', 'NP6596', 99, 188, 6, 'XS,S,M,L', '黑色,黄色', 153, '娜娜日记', 'NN/10006/big/1053949_G_1481680622501.jpg', 'NN/10006/big/1053949_G_1481680622501.jpg', 'NN/10006/big/201612100412151_NP6596.jpg', 'NN/10006/big/201612100412152_NP6596.jpg', 'NN/10006/big/201612100412153_NP6596.jpg', 'NN/10006/big/201612100412154_NP6596.jpg', '1', 'NN/10006/details/TB2q8i7fyGO.eBjSZFjXXcU9FXa_!!2073641741.jpg', NULL, NULL, NULL, NULL, NULL, NULL, NULL, NULL, NULL, NULL, NULL, NULL, NULL, NULL, NULL, NULL, NULL, NULL, NULL, NULL, NULL, NULL, NULL, NULL, NULL, NULL, NULL, NULL, NULL, NULL, NULL, NULL, NULL, NULL, NULL, NULL, NULL),
	('10007', '娜娜日记甜美女装2016秋季新款黑色V领荷叶边连衣裙短裙NL6228嬛', 'NL6228', 258, 774, 6, 'XS,S,M', '粉色,黑色', 18, '娜娜日记', 'NN/10007/big/1053346_G_1481611272757.jpg', 'NN/10007/big/1053346_G_1481611272757.jpg', 'NN/10007/big/201612050412121_NL6228.jpg', 'NN/10007/big/201612050412122_NL6228.jpg', 'NN/10007/big/201612050412123_NL6228.jpg', 'NN/10007/big/201612050412124_NL6228.jpg', '1', 'NN/10007/details/TB2IMl.dNuI.eBjy0FdXXXgbVXa_!!2073641741.jpg', NULL, NULL, NULL, NULL, NULL, NULL, NULL, NULL, NULL, NULL, NULL, NULL, NULL, NULL, NULL, NULL, NULL, NULL, NULL, NULL, NULL, NULL, NULL, NULL, NULL, NULL, NULL, NULL, NULL, NULL, NULL, NULL, NULL, NULL, NULL, NULL, NULL),
	('10008', '娜娜日记甜美女装2016冬新款五分袖套头黑色连衣裙女NP6098媄1202', 'NP6098', 278, 843, 3, 'XS,S,M,L', '黑色', 30, '娜娜日记', 'NN/10008/big/1053317_G_1481612039519.jpg', 'NN/10008/big/1053317_G_1481612039519.jpg', 'NN/10008/big/201612030412521_NP6098.jpg', 'NN/10008/big/201612030412522_NP6098.jpg', 'NN/10008/big/201612030412523_NP6098.jpg', 'NN/10008/big/201612030412524_NP6098.jpg', '1', 'NN/10008/details/TB2VrCCehuI.eBjy0FdXXXgbVXa_!!2073641741.jpg', NULL, NULL, NULL, NULL, NULL, NULL, NULL, NULL, NULL, NULL, NULL, NULL, NULL, NULL, NULL, NULL, NULL, NULL, NULL, NULL, NULL, NULL, NULL, NULL, NULL, NULL, NULL, NULL, NULL, NULL, NULL, NULL, NULL, NULL, NULL, NULL, NULL),
	('10009', '娜娜日记甜美女装2016秋季新款粉色开叉镂空系绳T恤NU6013晗1202', 'NU6013', 109, 188, 5, 'XS,S,M,L', '粉色', 5, '娜娜日记', 'NN/10009/big/1053310_G_1481612019481.jpg', 'NN/10009/big/1053310_G_1481612019481.jpg', 'NN/10009/big/201612030412331_NU6013.jpg', 'NN/10009/big/201612030412332_NU6013.jpg', 'NN/10009/big/201612030412333_NU6013.jpg', 'NN/10009/big/201612030412334_NU6013.jpg', '1', 'NN/10009/details/TB2Ndmker5K.eBjy0FnXXaZzVXa_!!2073641741.jpg', NULL, NULL, NULL, NULL, NULL, NULL, NULL, NULL, NULL, NULL, NULL, NULL, NULL, NULL, NULL, NULL, NULL, NULL, NULL, NULL, NULL, NULL, NULL, NULL, NULL, NULL, NULL, NULL, NULL, NULL, NULL, NULL, NULL, NULL, NULL, NULL, NULL),
	('10010', '娜娜日记甜美女装2016秋季新款纯色学生长袖T恤女NL6873嬛1202', 'NL6873', 148, 444, 6, 'XS,S,M', '橘色,粉色,白色', 109, '娜娜日记', 'NN/10010/big/1053302_G_1481611963222.jpg', 'NN/10010/big/1053302_G_1481611963222.jpg', 'NN/10010/big/201612030412191_NL6873.jpg', 'NN/10010/big/201612030412192_NL6873.jpg', 'NN/10010/big/201612030412193_NL6873.jpg', 'NN/10010/big/201612030412194_NL6873.jpg', '1', 'NN/10010/details/TB2UABZer1K.eBjSszbXXcTHpXa_!!2073641741.jpg', NULL, NULL, NULL, NULL, NULL, NULL, NULL, NULL, NULL, NULL, NULL, NULL, NULL, NULL, NULL, NULL, NULL, NULL, NULL, NULL, NULL, NULL, NULL, NULL, NULL, NULL, NULL, NULL, NULL, NULL, NULL, NULL, NULL, NULL, NULL, NULL, NULL),
	('10011', '迪葵纳中老年女装2017春装新款中年妈妈装上衣T恤WD5360轩0103', 'WD5360', 129, 188, 4, 'L,XL,2XL,3XL', '米色', 68, '迪葵纳', 'DK/10011/big/20170104030119_WD5360.jpg', 'DK/10011/big/20170104030119_WD5360.jpg', 'DK/10011/big/201701040301191_WD5360.jpg', 'DK/10011/big/201701040301192_WD5360.jpg', 'DK/10011/big/201701040301193_WD5360.jpg', 'DK/10011/big/201701040301194_WD5360.jpg', '1', 'DK/10011/details/TB256DEb.dnpuFjSZPhXXbChpXa_!!2011206592.jpg', NULL, NULL, NULL, NULL, NULL, NULL, NULL, NULL, NULL, NULL, NULL, NULL, NULL, NULL, NULL, NULL, NULL, NULL, NULL, NULL, NULL, NULL, NULL, NULL, NULL, NULL, NULL, NULL, NULL, NULL, NULL, NULL, NULL, NULL, NULL, NULL, NULL),
	('10012', '迪葵纳妈妈装2017春装新款中年中老年女装长袖针织衫WQ6274沣0103', 'WQ6274', 169, 299, 6, 'L,XL,2XL,3XL', '米色', 55, '迪葵纳', 'DK/10012/big/20161231031203_WQ6274.jpg', 'DK/10012/big/20161231031203_WQ6274.jpg', 'DK/10012/big/201612310312031_WQ6274.jpg', 'DK/10012/big/201612310312032_WQ6274.jpg', 'DK/10012/big/201612310312033_WQ6274.jpg', 'DK/10012/big/201612310312034_WQ6274.jpg', '1', 'DK/10012/details/TB2vGXFbCtkpuFjy0FhXXXQzFXa_!!2011206592.jpg', NULL, NULL, NULL, NULL, NULL, NULL, NULL, NULL, NULL, NULL, NULL, NULL, NULL, NULL, NULL, NULL, NULL, NULL, NULL, NULL, NULL, NULL, NULL, NULL, NULL, NULL, NULL, NULL, NULL, NULL, NULL, NULL, NULL, NULL, NULL, NULL, NULL),
	('10013', '迪葵纳妈妈装秋装新款中老年女装中年长袖针织衫WF6102咲0830', 'WF6102', 118, 279, 69, 'L,XL,2XL,3XL,4XL', '黑色', 165, '迪葵纳', 'DK/10013/big/20160901030920_WF6102.jpg', 'DK/10013/big/20160901030920_WF6102.jpg', 'DK/10013/big/201609010309201_WF6102.jpg', 'DK/10013/big/201609010309202_WF6102.jpg', 'DK/10013/big/201609010309203_WF6102.jpg', 'DK/10013/big/201609010309204_WF6102.jpg', '1', 'DK/10013/details/TB2CwifXRLzQeBjSZFjXXcscpXa_!!2011206592.jpg', NULL, NULL, NULL, NULL, NULL, NULL, NULL, NULL, NULL, NULL, NULL, NULL, NULL, NULL, NULL, NULL, NULL, NULL, NULL, NULL, NULL, NULL, NULL, NULL, NULL, NULL, NULL, NULL, NULL, NULL, NULL, NULL, NULL, NULL, NULL, NULL, NULL),
	('10014', '迪葵纳秋装新款中老年女装中年妈妈装上衣长袖毛衣FQ6019莜0823', 'FQ6019', 99, 249, 12, 'L,XL,2XL,3XL', '绿色', 33, '迪葵纳', 'DK/10014/big/20160824030819_FQ6019.jpg', 'DK/10014/big/20160824030819_FQ6019.jpg', 'DK/10014/big/201608240308191_FQ6019.jpg', 'DK/10014/big/201608240308192_FQ6019.jpg', 'DK/10014/big/201608240308193_FQ6019.jpg', 'DK/10014/big/201608240308194_FQ6019.jpg', '1', 'DK/10014/details/TB2pqFfX4fxQeBjSspjXXX4opXa_!!2011206592.jpg', NULL, NULL, NULL, NULL, NULL, NULL, NULL, NULL, NULL, NULL, NULL, NULL, NULL, NULL, NULL, NULL, NULL, NULL, NULL, NULL, NULL, NULL, NULL, NULL, NULL, NULL, NULL, NULL, NULL, NULL, NULL, NULL, NULL, NULL, NULL, NULL, NULL),
	('10015', '迪葵纳秋装新款中老年女装中年妈妈装长袖印花针织衫FQ6069莜0816', 'FQ6069', 139, 279, 97, 'L,XL,2XL,3XL,4XL', '杏色', 276, '迪葵纳', 'DK/10015/big/20160818030808_FQ6069.jpg', 'DK/10015/big/20160818030808_FQ6069.jpg', 'DK/10015/big/201608180308081_FQ6069.jpg', 'DK/10015/big/201608180308082_FQ6069.jpg', 'DK/10015/big/201608180308083_FQ6069.jpg', 'DK/10015/big/201608180308084_FQ6069.jpg', '1', 'DK/10015/details/TB2.5NBXe6yQeBjy0FfXXcWvXXa_!!2011206592.jpg', NULL, NULL, NULL, NULL, NULL, NULL, NULL, NULL, NULL, NULL, NULL, NULL, NULL, NULL, NULL, NULL, NULL, NULL, NULL, NULL, NULL, NULL, NULL, NULL, NULL, NULL, NULL, NULL, NULL, NULL, NULL, NULL, NULL, NULL, NULL, NULL, NULL),
	('10016', '哲初女装2017春装新款七分袖撞色条纹时尚百搭毛织T恤YZ7079', 'YZ7079', 169, 468, 3, 'S,M,L', '白色', 66, '哲初', 'ZC/10016/big/1054682_G_1482457993169.jpg', 'ZC/10016/big/1054682_G_1482457993169.jpg', 'ZC/10016/big/201612230912521_YZ7079.jpg', 'ZC/10016/big/201612230912522_YZ7079.jpg', 'ZC/10016/big/201612230912523_YZ7079.jpg', 'ZC/10016/big/201612230912524_YZ7079.jpg', '1', 'ZC/10016/details/TB2FTi_XORnpuFjSZFCXXX2DXXa_!!2297987802.jpg', NULL, NULL, NULL, NULL, NULL, NULL, NULL, NULL, NULL, NULL, NULL, NULL, NULL, NULL, NULL, NULL, NULL, NULL, NULL, NULL, NULL, NULL, NULL, NULL, NULL, NULL, NULL, NULL, NULL, NULL, NULL, NULL, NULL, NULL, NULL, NULL, NULL),
	('10017', '哲初女装2017春装新款圆领套头时尚卷边落肩休闲T恤YZ7209', 'YZ7209', 139, 417, 3, 'S,M,L', '绿色', 37, '哲初', 'ZC/10017/big/1054677_G_1482457463067.jpg', 'ZC/10017/big/1054677_G_1482457463067.jpg', 'ZC/10017/big/201612230912031_YZ7209.jpg', 'ZC/10017/big/201612230912032_YZ7209.jpg', 'ZC/10017/big/201612230912033_YZ7209.jpg', 'ZC/10017/big/201612230912034_YZ7209.jpg', '1', 'ZC/10017/details/TB2t8FwbdRopuFjSZFtXXcanpXa_!!2297987802.jpg', NULL, NULL, NULL, NULL, NULL, NULL, NULL, NULL, NULL, NULL, NULL, NULL, NULL, NULL, NULL, NULL, NULL, NULL, NULL, NULL, NULL, NULL, NULL, NULL, NULL, NULL, NULL, NULL, NULL, NULL, NULL, NULL, NULL, NULL, NULL, NULL, NULL),
	('10018', '哲初女装2017春装新款背带收腰系带下摆开叉连衣裙ZZ7041', 'ZZ7041', 249, 747, 7, 'S,M,L', '黑色', 34, '哲初', 'ZC/10018/big/1054666_G_1482455692614.jpg', 'ZC/10018/big/1054666_G_1482455692614.jpg', 'ZC/10018/big/201612230912301_ZZ7041.jpg', 'ZC/10018/big/201612230912302_ZZ7041.jpg', 'ZC/10018/big/201612230912303_ZZ7041.jpg', 'ZC/10018/big/201612230912304_ZZ7041.jpg', '1', 'ZC/10018/details/TB2olJTa3JkpuFjSszcXXXfsFXa_!!2297987802.jpg', NULL, NULL, NULL, NULL, NULL, NULL, NULL, NULL, NULL, NULL, NULL, NULL, NULL, NULL, NULL, NULL, NULL, NULL, NULL, NULL, NULL, NULL, NULL, NULL, NULL, NULL, NULL, NULL, NULL, NULL, NULL, NULL, NULL, NULL, NULL, NULL, NULL),
	('10019', '哲初女装2016新款秋装套头连帽卫衣上衣长袖宽松显瘦YH7050', 'YH7050', 129, 229, 7, 'S,M,L', '白色,砖红色', 46, '哲初', 'ZC/10019/big/1052348_G_1478143592351.jpg', 'ZC/10019/big/1052348_G_1478143592351.jpg', 'ZC/10019/big/201611031111101_YH7050.jpg', 'ZC/10019/big/201611031111102_YH7050.jpg', 'ZC/10019/big/201611031111103_YH7050.jpg', 'ZC/10019/big/201611031111104_YH7050.jpg', '1', 'ZC/10019/details/TB20dMbbmGI.eBjSspcXXcVjFXa_!!2297987802.jpg', NULL, NULL, NULL, NULL, NULL, NULL, NULL, NULL, NULL, NULL, NULL, NULL, NULL, NULL, NULL, NULL, NULL, NULL, NULL, NULL, NULL, NULL, NULL, NULL, NULL, NULL, NULL, NULL, NULL, NULL, NULL, NULL, NULL, NULL, NULL, NULL, NULL),
	('10020', '哲初女装2016新款秋装套头卫衣上衣长袖宽松显瘦刺绣ZZ7064', 'ZZ7064', 119, 558, 6, 'S,M,L', '湖绿色,皮粉色', 118, '哲初', 'ZC/10020/big/1052346_G_1478143058008.jpg', 'ZC/10020/big/1052346_G_1478143058008.jpg', 'ZC/10020/big/201611031111071_ZZ7064.jpg', 'ZC/10020/big/201611031111072_ZZ7064.jpg', 'ZC/10020/big/201611031111073_ZZ7064.jpg', 'ZC/10020/big/201611031111074_ZZ7064.jpg', '1', 'ZC/10020/details/TB2T9DWbbeI.eBjSspkXXaXqVXa_!!2297987802.jpg', NULL, NULL, NULL, NULL, NULL, NULL, NULL, NULL, NULL, NULL, NULL, NULL, NULL, NULL, NULL, NULL, NULL, NULL, NULL, NULL, NULL, NULL, NULL, NULL, NULL, NULL, NULL, NULL, NULL, NULL, NULL, NULL, NULL, NULL, NULL, NULL, NULL),
	('10021', '米妮哈鲁童装男宝宝婴幼童2017春装新款卡通纯棉长袖毛衣YL6232瑤', 'YL6232', 109, 228, 4, '80,90,100,110', '蓝色', 13, '米妮哈鲁', 'MH/10021/big/20161230091214_YL6232.jpg', 'MH/10021/big/20161230091214_YL6232.jpg', 'MH/10021/big/201612300912141_YL6232.jpg', 'MH/10021/big/201612300912142_YL6232.jpg', 'MH/10021/big/201612300912143_YL6232.jpg', 'MH/10021/big/201612300912144_YL6232.jpg', '1', 'MH/10021/details/TB2o2r_brplpuFjSspiXXcdfFXa_!!1067628403.jpg', NULL, NULL, NULL, NULL, NULL, NULL, NULL, NULL, NULL, NULL, NULL, NULL, NULL, NULL, NULL, NULL, NULL, NULL, NULL, NULL, NULL, NULL, NULL, NULL, NULL, NULL, NULL, NULL, NULL, NULL, NULL, NULL, NULL, NULL, NULL, NULL, NULL),
	('10022', '米妮哈鲁童装2017春新女童韩版裙子中大童连衣裙儿童纯棉公主裙ZR6693泷', 'ZR6693', 89, 249, 9, '110,120,130,140,150,160', '粉色,藏青色,西瓜红色,浅蓝色,浅黄色', 200, '米妮哈鲁', 'MH/10022/big/1055084_G_1482983794507.jpg', 'MH/10022/big/1055084_G_1482983794507.jpg', 'MH/10022/big/1055084_P_1482983786712.jpg', 'MH/10022/big/201612291112502_ZR6693.jpg', 'MH/10022/big/201612291112503_ZR6693.jpg', 'MH/10022/big/201612291112504_ZR6693.jpg', '1', 'MH/10022/details/TB2xTOKaNhmpuFjSZFyXXcLdFXa_!!1067628403.jpg', NULL, NULL, NULL, NULL, NULL, NULL, NULL, NULL, NULL, NULL, NULL, NULL, NULL, NULL, NULL, NULL, NULL, NULL, NULL, NULL, NULL, NULL, NULL, NULL, NULL, NULL, NULL, NULL, NULL, NULL, NULL, NULL, NULL, NULL, NULL, NULL, NULL),
	('10023', '米妮哈鲁童装2017春装新款女童韩版儿童棒球衫外套ZY6298鋐', 'ZY6298', 149, 289, 4, '110,120,130,140,150,160', '粉红色', 21, '米妮哈鲁', 'MH/10023/big/20161217001241_ZY6298.jpg', 'MH/10023/big/20161217001241_ZY6298.jpg', 'MH/10023/big/201612170012411_ZY6298.jpg', 'MH/10023/big/201612170012412_ZY6298.jpg', 'MH/10023/big/201612170012413_ZY6298.jpg', 'MH/10023/big/201612170012414_ZY6298.jpg', '1', 'MH/10023/details/TB2flCKaxXkpuFjy0FiXXbUfFXa_!!1067628403.jpg', NULL, NULL, NULL, NULL, NULL, NULL, NULL, NULL, NULL, NULL, NULL, NULL, NULL, NULL, NULL, NULL, NULL, NULL, NULL, NULL, NULL, NULL, NULL, NULL, NULL, NULL, NULL, NULL, NULL, NULL, NULL, NULL, NULL, NULL, NULL, NULL, NULL),
	('10024', '米妮哈鲁童装2017春装新款女童中大童韩版连衣裙裙子ZH6454抍', 'ZH6454', 159, 279, 5, '110,120,130,140,150,160', '藕粉色,浅蓝色', 33, '米妮哈鲁', 'MH/10024/big/1053894_G_1481262808154.jpg', 'MH/10024/big/1053894_G_1481262808154.jpg', 'MH/10024/big/1053894_P_1481262684159.jpg', 'MH/10024/big/1053894_P_1481262684943.jpg', 'MH/10024/big/1053894_P_1481262684174.jpg', 'MH/10024/big/1053894_P_1481262684640.jpg', '1', 'MH/10024/details/TB2lie3emOI.eBjy1zkXXadxFXa_!!1067628403.jpg', NULL, NULL, NULL, NULL, NULL, NULL, NULL, NULL, NULL, NULL, NULL, NULL, NULL, NULL, NULL, NULL, NULL, NULL, NULL, NULL, NULL, NULL, NULL, NULL, NULL, NULL, NULL, NULL, NULL, NULL, NULL, NULL, NULL, NULL, NULL, NULL, NULL),
	('10025', '米妮哈鲁童装2016春装新款男童韩版中大童上衣外套ZE5205熣', 'ZE5205', 149, 239, 2, '110/56,120/60,130/64,140/68,150/72,160/76', '蓝色', 22, '米妮哈鲁', 'MH/10025/big/20160512000542_ZE5205.jpg', 'MH/10025/big/20160512000542_ZE5205.jpg', 'MH/10025/big/201605120005421_ZE5205.jpg', 'MH/10025/big/201605120005422_ZE5205.jpg', 'MH/10025/big/201605120005423_ZE5205.jpg', 'MH/10025/big/201605120005424_ZE5205.jpg', '2', 'MH/10025/details/TB2ErM6dpXXXXauXXXXXXXXXXXX_!!1067628403.jpg', 'MH/10025/details/TB2IiVyipXXXXchXpXXXXXXXXXX_!!1067628403.jpg', NULL, NULL, NULL, NULL, NULL, NULL, NULL, NULL, NULL, NULL, NULL, NULL, NULL, NULL, NULL, NULL, NULL, NULL, NULL, NULL, NULL, NULL, NULL, NULL, NULL, NULL, NULL, NULL, NULL, NULL, NULL, NULL, NULL, NULL, NULL, NULL),
	('10026', '韩都衣舍2017韩版女装春装新款立领字母刺绣宽松短外套TK7904筱', 'TK7904', 168, 418, 11, 'XS,S,M,L', '粉色,军绿色', 20, 'HSTYLE女装', 'HS/10026/big/1056096_G_1486199978641.jpg', 'HS/10026/big/1056096_G_1486199978641.jpg', 'HS/10026/big/1056096_P_1486199962514.jpg', 'HS/10026/big/1056096_P_1486199962987.jpg', 'HS/10026/big/1056096_P_1486199962551.jpg', 'HS/10026/big/1056096_P_1486199962080.jpg', '1', 'HS/10026/details/TB2Y2gtdUdnpuFjSZPhXXbChpXa-263817957.jpg', NULL, NULL, NULL, NULL, NULL, NULL, NULL, NULL, NULL, NULL, NULL, NULL, NULL, NULL, NULL, NULL, NULL, NULL, NULL, NULL, NULL, NULL, NULL, NULL, NULL, NULL, NULL, NULL, NULL, NULL, NULL, NULL, NULL, NULL, NULL, NULL, NULL),
	('10027', '韩都衣舍2017韩版女装春装新款纯色宽松显瘦连帽卫衣DL7497筱', 'DL7497', 126, 288, 10, 'XS,S,M,L', '黑色,灰色', 47, 'HSTYLE女装', 'HS/10027/big/1056062_G_1486202377516.jpg', 'HS/10027/big/1056062_G_1486202377516.jpg', 'HS/10027/big/1056062_P_1486202367686.jpg', 'HS/10027/big/1056062_P_1486202367213.jpg', 'HS/10027/big/1056062_P_1486202366591.jpg', 'HS/10027/big/1056062_P_1486202366583.jpg', '1', 'HS/10027/details/TB2hQHxcYVkpuFjSspcXXbSMVXa-263817957.jpg', NULL, NULL, NULL, NULL, NULL, NULL, NULL, NULL, NULL, NULL, NULL, NULL, NULL, NULL, NULL, NULL, NULL, NULL, NULL, NULL, NULL, NULL, NULL, NULL, NULL, NULL, NULL, NULL, NULL, NULL, NULL, NULL, NULL, NULL, NULL, NULL, NULL),
	('10028', '韩都衣舍2017韩版女装春装新款毛边深色喇叭九分牛仔裤PC6841蒖', 'PC6841', 96, 208, 9, 'S,M,L', '黑色', 485, 'HSTYLE女装', 'HS/10028/big/1056156_G_1486171015467.jpg', 'HS/10028/big/1056156_G_1486171015467.jpg', 'HS/10028/big/201702040902181_PC6841.jpg', 'HS/10028/big/201702040902182_PC6841.jpg', 'HS/10028/big/201702040902183_PC6841.jpg', 'HS/10028/big/201702040902184_PC6841.jpg', '1', 'HS/10028/details/TB2jdn9dJ0opuFjSZFxXXaDNVXa-263817957.jpg', NULL, NULL, NULL, NULL, NULL, NULL, NULL, NULL, NULL, NULL, NULL, NULL, NULL, NULL, NULL, NULL, NULL, NULL, NULL, NULL, NULL, NULL, NULL, NULL, NULL, NULL, NULL, NULL, NULL, NULL, NULL, NULL, NULL, NULL, NULL, NULL, NULL),
	('10029', '韩都衣舍2016秋装新款韩版女装收腰显瘦潮A型长袖连衣裙RW6211瑒', 'RW6211', 129, 298, 1625, 'XS,S,M,L,XL', '深蓝色', 83, 'HSTYLE女装', 'HS/10029/big/1052721_G_1479460499098.jpg', 'HS/10029/big/1052721_G_1479460499098.jpg', 'HS/10029/big/201611181711521_RW6211.jpg', 'HS/10029/big/201611181711522_RW6211.jpg', 'HS/10029/big/201611181711523_RW6211.jpg', 'HS/10029/big/201611181711524_RW6211.jpg', '1', 'HS/10029/details/TB2CMAta8yN.eBjSZFIXXXbUVXa-263817957.jpg', NULL, NULL, NULL, NULL, NULL, NULL, NULL, NULL, NULL, NULL, NULL, NULL, NULL, NULL, NULL, NULL, NULL, NULL, NULL, NULL, NULL, NULL, NULL, NULL, NULL, NULL, NULL, NULL, NULL, NULL, NULL, NULL, NULL, NULL, NULL, NULL, NULL),
	('10030', '韩都衣舍2017韩版女春新款显瘦拼接中长假两件连衣裙GJ6898茆', 'GJ6898', 166, 308, 1598, 'S,M,L', '黑色', 170, 'HSTYLE女装', 'HS/10030/big/20161130161136_GJ6898.jpg', 'HS/10030/big/20161130161136_GJ6898.jpg', 'HS/10030/big/201611301611361_GJ6898.jpg', 'HS/10030/big/201611301611362_GJ6898.jpg', 'HS/10030/big/201611301611363_GJ6898.jpg', 'HS/10030/big/201611301611364_GJ6898.jpg', '1', 'HS/10030/details/TB25xQecKNOdeFjSZFBXXctzXXa-263817957.jpg', NULL, NULL, NULL, NULL, NULL, NULL, NULL, NULL, NULL, NULL, NULL, NULL, NULL, NULL, NULL, NULL, NULL, NULL, NULL, NULL, NULL, NULL, NULL, NULL, NULL, NULL, NULL, NULL, NULL, NULL, NULL, NULL, NULL, NULL, NULL, NULL, NULL),
	('10031', '韩都衣舍2017韩版女装春装新款纯色宽松针织衫MR6628汩', 'MR6628', 136, 288, 1597, 'S,M,L', '杏白色,黄色', 7, 'HSTYLE女装', 'HS/10031/big/1052803_G_1479966692371.jpg', 'HS/10031/big/1052803_G_1479966692371.jpg', 'HS/10031/big/201611241311541_MR6628.jpg', 'HS/10031/big/201611241311542_MR6628.jpg', 'HS/10031/big/201611241311543_MR6628.jpg', 'HS/10031/big/201611241311544_MR6628.jpg', '1', 'HS/10031/details/201611241311501_MR6628.jpg', NULL, NULL, NULL, NULL, NULL, NULL, NULL, NULL, NULL, NULL, NULL, NULL, NULL, NULL, NULL, NULL, NULL, NULL, NULL, NULL, NULL, NULL, NULL, NULL, NULL, NULL, NULL, NULL, NULL, NULL, NULL, NULL, NULL, NULL, NULL, NULL, NULL),
	('10032', '韩都衣舍2017韩版女装春新款荷叶边吊带两件套长袖连衣裙NJ7858翝', 'NJ7858', 138, 288, 1597, 'XS,S,M,L', '黑色,白色', 24, 'HSTYLE女装', 'HS/10032/big/20161214151219_NJ7858.jpg', 'HS/10032/big/20161214151219_NJ7858.jpg', 'HS/10032/big/201612141512191_NJ7858.jpg', 'HS/10032/big/201612141512192_NJ7858.jpg', 'HS/10032/big/201612141512193_NJ7858.jpg', 'HS/10032/big/201612141512194_NJ7858.jpg', '1', 'HS/10032/details/TB2xQBTastnpuFjSZFKXXalFFXa-263817957.jpg', NULL, NULL, NULL, NULL, NULL, NULL, NULL, NULL, NULL, NULL, NULL, NULL, NULL, NULL, NULL, NULL, NULL, NULL, NULL, NULL, NULL, NULL, NULL, NULL, NULL, NULL, NULL, NULL, NULL, NULL, NULL, NULL, NULL, NULL, NULL, NULL, NULL),
	('10033', '韩都衣舍2017韩版女装春装新款半高领刺绣宽松长袖T恤HH7449筱', 'HH7449', 88, 208, 4, 'XS,S,M,L', '黑色,白色', 75, 'HSTYLE女装', 'HS/10033/big/1056064_G_1486198875449.jpg', 'HS/10033/big/1056064_G_1486198875449.jpg', 'HS/10033/big/1056064_P_1486198858904.jpg', 'HS/10033/big/1056064_P_1486198858382.jpg', 'HS/10033/big/1056064_P_1486198858648.jpg', 'HS/10033/big/1056064_P_1486198858051.jpg', '1', 'HS/10033/details/TB2s45YdNlmpuFjSZPfXXc9iXXa-263817957.jpg', NULL, NULL, NULL, NULL, NULL, NULL, NULL, NULL, NULL, NULL, NULL, NULL, NULL, NULL, NULL, NULL, NULL, NULL, NULL, NULL, NULL, NULL, NULL, NULL, NULL, NULL, NULL, NULL, NULL, NULL, NULL, NULL, NULL, NULL, NULL, NULL, NULL),
	('10034', '韩都衣舍2017韩版女装春装新款显瘦A字纯色开叉半身裙JT6924莯', 'JT6924', 98, 208, 3, 'S,M,L', '卡其色,黑色', 127, 'HSTYLE女装', 'HS/10034/big/1056104_G_1485308114155.jpg', 'HS/10034/big/1056104_G_1485308114155.jpg', 'HS/10034/big/201701250901381_JT6924.jpg', 'HS/10034/big/201701250901382_JT6924.jpg', 'HS/10034/big/201701250901383_JT6924.jpg', 'HS/10034/big/201701250901384_JT6924.jpg', '1', 'HS/10034/details/TB2_uTDdORnpuFjSZFCXXX2DXXa-263817957.jpg', NULL, NULL, NULL, NULL, NULL, NULL, NULL, NULL, NULL, NULL, NULL, NULL, NULL, NULL, NULL, NULL, NULL, NULL, NULL, NULL, NULL, NULL, NULL, NULL, NULL, NULL, NULL, NULL, NULL, NULL, NULL, NULL, NULL, NULL, NULL, NULL, NULL),
	('10035', '韩都衣舍2016秋季新款韩版宽松套头V领长袖针织衫女YK6128鲲', 'YK6128', 98, 248, 1418, 'XS,S,M,L', '蓝色,灰色', 411, 'HSTYLE女装', 'HS/10035/big/1052733_G_1479697810664.jpg', 'HS/10035/big/1052733_G_1479697810664.jpg', 'HS/10035/big/1052733_P_1479697722072.jpg', 'HS/10035/big/1052733_P_1479697722696.jpg', 'HS/10035/big/1052733_P_1479697722618.jpg', 'HS/10035/big/1052733_P_1479697722100.jpg', '1', 'HS/10035/details/TB2uK5sX31J.eBjy0FpXXaMoXXa-263817957.jpg', NULL, NULL, NULL, NULL, NULL, NULL, NULL, NULL, NULL, NULL, NULL, NULL, NULL, NULL, NULL, NULL, NULL, NULL, NULL, NULL, NULL, NULL, NULL, NULL, NULL, NULL, NULL, NULL, NULL, NULL, NULL, NULL, NULL, NULL, NULL, NULL, NULL),
	('10036', '迪葵纳中老年女装2017春装新款中年妈妈装上衣T恤WF6276咲0110', 'WF6276', 149, 249, 2, 'L,XL,2XL,3XL', '黑色', 101, '迪葵纳', 'DK/10036/big/20170111030146_WF6276.jpg', 'DK/10036/big/20170111030146_WF6276.jpg', 'DK/10036/big/201701110301461_WF6276.jpg', 'DK/10036/big/201701110301462_WF6276.jpg', 'DK/10036/big/201701110301463_WF6276.jpg', 'DK/10036/big/201701110301464_WF6276.jpg', '1', 'DK/10036/details/TB2xWq7b9VmpuFjSZFFXXcZApXa_!!2011206592.jpg', NULL, NULL, NULL, NULL, NULL, NULL, NULL, NULL, NULL, NULL, NULL, NULL, NULL, NULL, NULL, NULL, NULL, NULL, NULL, NULL, NULL, NULL, NULL, NULL, NULL, NULL, NULL, NULL, NULL, NULL, NULL, NULL, NULL, NULL, NULL, NULL, NULL),
	('10037', '迪葵纳中老年女装2017春装新款中年妈妈装T恤女上衣FQ6317莜0110', 'FQ6317', 159, 268, 8, 'L,XL,2XL,3XL', '粉色', 40, '迪葵纳', 'DK/10037/big/20170111030140_FQ6317.jpg', 'DK/10037/big/20170111030140_FQ6317.jpg', 'DK/10037/big/201701110301401_FQ6317.jpg', 'DK/10037/big/201701110301402_FQ6317.jpg', 'DK/10037/big/201701110301403_FQ6317.jpg', 'DK/10037/big/201701110301404_FQ6317.jpg', '1', 'DK/10037/details/TB2FNzIcUhnpuFjSZFpXXcpuXXa_!!2011206592.jpg', NULL, NULL, NULL, NULL, NULL, NULL, NULL, NULL, NULL, NULL, NULL, NULL, NULL, NULL, NULL, NULL, NULL, NULL, NULL, NULL, NULL, NULL, NULL, NULL, NULL, NULL, NULL, NULL, NULL, NULL, NULL, NULL, NULL, NULL, NULL, NULL, NULL),
	('10038', '迪葵纳2017春装新款中老年女装中年妈妈装印花衬衫FQ6938莜0110', 'FQ6938', 159, 278, 5, 'L,XL,2XL,3XL', '蓝色', 46, '迪葵纳', 'DK/10038/big/20170111030132_FQ6938.jpg', 'DK/10038/big/20170111030132_FQ6938.jpg', 'DK/10038/big/201701110301321_FQ6938.jpg', 'DK/10038/big/201701110301322_FQ6938.jpg', 'DK/10038/big/201701110301323_FQ6938.jpg', 'DK/10038/big/201701110301324_FQ6938.jpg', '1', 'DK/10038/details/TB22k6McJRopuFjSZFtXXcanpXa_!!2011206592.jpg', NULL, NULL, NULL, NULL, NULL, NULL, NULL, NULL, NULL, NULL, NULL, NULL, NULL, NULL, NULL, NULL, NULL, NULL, NULL, NULL, NULL, NULL, NULL, NULL, NULL, NULL, NULL, NULL, NULL, NULL, NULL, NULL, NULL, NULL, NULL, NULL, NULL),
	('10039', '迪葵纳秋冬中老年女装棉服中年女上衣妈妈装棉衣外套FQ4661莜0823', 'FQ4661', 209, 439, 80, 'L,XL,2XL,3XL,4XL', '蓝色,紫色', 10, '迪葵纳', 'DK/10039/big/20160824030854_FQ4661.jpg', 'DK/10039/big/20160824030854_FQ4661.jpg', 'DK/10039/big/201608240308541_FQ4661.jpg', 'DK/10039/big/201608240308542_FQ4661.jpg', 'DK/10039/big/201608240308543_FQ4661.jpg', 'DK/10039/big/201608240308544_FQ4661.jpg', '1', 'DK/10039/details/TB2_xcVXNjxQeBjSspcXXcQlXXa_!!2011206592.jpg', NULL, NULL, NULL, NULL, NULL, NULL, NULL, NULL, NULL, NULL, NULL, NULL, NULL, NULL, NULL, NULL, NULL, NULL, NULL, NULL, NULL, NULL, NULL, NULL, NULL, NULL, NULL, NULL, NULL, NULL, NULL, NULL, NULL, NULL, NULL, NULL, NULL),
	('10040', '迪葵纳妈妈装春装新款中年女上衣印花中老年女装长袖T恤WD4753轩', 'WD4753', 129, 228, 245, 'L,XL,2XL,3XL,4XL', '绿色', 21, '迪葵纳', 'DK/10040/big/20160524110507_WD4753.jpg', 'DK/10040/big/20160524110507_WD4753.jpg', 'DK/10040/big/201605241105071_WD4753.jpg', 'DK/10040/big/201605241105072_WD4753.jpg', 'DK/10040/big/201605241105073_WD4753.jpg', 'DK/10040/big/201605241105074_WD4753.jpg', '1', 'DK/10040/details/TB2VXNxlXXXXXaCXXXXXXXXXXXX_!!2011206592.jpg', NULL, NULL, NULL, NULL, NULL, NULL, NULL, NULL, NULL, NULL, NULL, NULL, NULL, NULL, NULL, NULL, NULL, NULL, NULL, NULL, NULL, NULL, NULL, NULL, NULL, NULL, NULL, NULL, NULL, NULL, NULL, NULL, NULL, NULL, NULL, NULL, NULL),
	('10041', '娜娜日记甜美女装2016冬装新款冬季外套中长款羽绒服女加厚NP6266', 'NP6266', 709, 2124, 5, 'L,XL,2XL,3XL,4XL', '浅粉色', 14, '娜娜日记', 'NN/10041/big/20160926040936_NP6266.jpg', 'NN/10041/big/20160926040936_NP6266.jpg', 'NN/10041/big/201609260409361_NP6266.jpg', 'NN/10041/big/201609260409362_NP6266.jpg', 'NN/10041/big/201609260409363_NP6266.jpg', 'NN/10041/big/201609260409364_NP6266.jpg', '1', 'NN/10041/details/TB2jpkbuXXXXXcgXXXXXXXXXXXX_!!2073641741.jpg', NULL, NULL, NULL, NULL, NULL, NULL, NULL, NULL, NULL, NULL, NULL, NULL, NULL, NULL, NULL, NULL, NULL, NULL, NULL, NULL, NULL, NULL, NULL, NULL, NULL, NULL, NULL, NULL, NULL, NULL, NULL, NULL, NULL, NULL, NULL, NULL, NULL),
	('10042', '娜娜日记甜美女装2016冬装新款蓝色中长款毛呢外套女NL6013嬛0822', 'NL6013', 718, 2154, 10, 'S,M,L', '蓝色', 33, '娜娜日记', 'NN/10042/big/1049456_G_1479982312471.jpg', 'NN/10042/big/1049456_G_1479982312471.jpg', 'NN/10042/big/201608230408051_NL6013.jpg', 'NN/10042/big/201608230408052_NL6013.jpg', 'NN/10042/big/201608230408053_NL6013.jpg', 'NN/10042/big/201608230408054_NL6013.jpg', '1', 'NN/10042/details/TB2_PIpXNjxQeBjy1zbXXbqApXa_!!2073641741.jpg', NULL, NULL, NULL, NULL, NULL, NULL, NULL, NULL, NULL, NULL, NULL, NULL, NULL, NULL, NULL, NULL, NULL, NULL, NULL, NULL, NULL, NULL, NULL, NULL, NULL, NULL, NULL, NULL, NULL, NULL, NULL, NULL, NULL, NULL, NULL, NULL, NULL),
	('10043', '娜娜日记甜美女装2016秋装新款白色圆领贴布针织衫NL6078嬛0728', 'NL6078', 248, 744, 6, 'XS,S,M', '白色', 95, '娜娜日记', 'NN/10043/big/1047222_G_1473842968116.jpg', 'NN/10043/big/1047222_G_1473842968116.jpg', 'NN/10043/big/201607290407331_NL6078.jpg', 'NN/10043/big/201607290407332_NL6078.jpg', 'NN/10043/big/201607290407333_NL6078.jpg', 'NN/10043/big/201607290407334_NL6078.jpg', '1', 'NN/10043/details/TB21DVJtFXXXXa0XpXXXXXXXXXX_!!2073641741.jpg', NULL, NULL, NULL, NULL, NULL, NULL, NULL, NULL, NULL, NULL, NULL, NULL, NULL, NULL, NULL, NULL, NULL, NULL, NULL, NULL, NULL, NULL, NULL, NULL, NULL, NULL, NULL, NULL, NULL, NULL, NULL, NULL, NULL, NULL, NULL, NULL, NULL),
	('10044', '娜娜日记甜美女装2016秋装新款宽松粉七分袖毛针织衫NK5732冉0714', 'NK5732', 228, 684, 3, 'XS,S,M,L', '粉色', 652, '娜娜日记', 'NN/10044/big/1046318_G_1473843818895.jpg', 'NN/10044/big/1046318_G_1473843818895.jpg', 'NN/10044/big/201607150407281_NK5732.jpg', 'NN/10044/big/201607150407282_NK5732.jpg', 'NN/10044/big/201607150407283_NK5732.jpg', 'NN/10044/big/201607150407284_NK5732.jpg', '1', 'NN/10044/details/TB2mYQcspXXXXXaXXXXXXXXXXXX_!!2073641741.jpg', NULL, NULL, NULL, NULL, NULL, NULL, NULL, NULL, NULL, NULL, NULL, NULL, NULL, NULL, NULL, NULL, NULL, NULL, NULL, NULL, NULL, NULL, NULL, NULL, NULL, NULL, NULL, NULL, NULL, NULL, NULL, NULL, NULL, NULL, NULL, NULL, NULL),
	('10045', '娜娜日记甜美女装2016秋装新款短款纯色破洞长袖T恤NL5677嬛0708', 'NL5677', 168, 264, 12, 'XS,S,M,L', '红色', 224, '娜娜日记', 'NN/10045/big/1046131_G_1473843851981.jpg', 'NN/10045/big/1046131_G_1473843851981.jpg', 'NN/10045/big/201607090407141_NL5677.jpg', 'NN/10045/big/201607090407142_NL5677.jpg', 'NN/10045/big/201607090407143_NL5677.jpg', 'NN/10045/big/201607090407144_NL5677.jpg', '1', 'NN/10045/details/TB2nxposFXXXXbSXXXXXXXXXXXX_!!2073641741.jpg', NULL, NULL, NULL, NULL, NULL, NULL, NULL, NULL, NULL, NULL, NULL, NULL, NULL, NULL, NULL, NULL, NULL, NULL, NULL, NULL, NULL, NULL, NULL, NULL, NULL, NULL, NULL, NULL, NULL, NULL, NULL, NULL, NULL, NULL, NULL, NULL, NULL),
	('10046', '米妮哈鲁童装2017春装新款韩版女童牛仔背带裙YO6373畵', 'YO6373', 149, 249, 10, '110,120,130,140,150,160,165/84 A', '牛仔蓝', 29, '米妮哈鲁', 'MH/10046/big/20161217001230_YO6373.jpg', 'MH/10046/big/20161217001230_YO6373.jpg', 'MH/10046/big/201612170012301_YO6373.jpg', 'MH/10046/big/201612170012302_YO6373.jpg', 'MH/10046/big/201612170012303_YO6373.jpg', 'MH/10046/big/201612170012304_YO6373.jpg', '1', 'MH/10046/details/TB273X2abJkpuFjy1zcXXa5FFXa_!!1067628403.jpg', NULL, NULL, NULL, NULL, NULL, NULL, NULL, NULL, NULL, NULL, NULL, NULL, NULL, NULL, NULL, NULL, NULL, NULL, NULL, NULL, NULL, NULL, NULL, NULL, NULL, NULL, NULL, NULL, NULL, NULL, NULL, NULL, NULL, NULL, NULL, NULL, NULL),
	('10047', '米妮哈鲁童装2017年春装新款男童中大长袖贝肯熊套头卫衣YJ6003樂', 'YJ6003', 119, 209, 7, '110,120,130,140,150,160', '白色', 106, '米妮哈鲁', 'MH/10047/big/20161209001224_YJ6003.jpg', 'MH/10047/big/20161209001224_YJ6003.jpg', 'MH/10047/big/201612090012241_YJ6003.jpg', 'MH/10047/big/201612090012242_YJ6003.jpg', 'MH/10047/big/201612090012243_YJ6003.jpg', 'MH/10047/big/201612090012244_YJ6003.jpg', '1', 'MH/10047/details/TB2gzTgXNXkpuFjy0FiXXbUfFXa_!!1067628403.jpg', NULL, NULL, NULL, NULL, NULL, NULL, NULL, NULL, NULL, NULL, NULL, NULL, NULL, NULL, NULL, NULL, NULL, NULL, NULL, NULL, NULL, NULL, NULL, NULL, NULL, NULL, NULL, NULL, NULL, NULL, NULL, NULL, NULL, NULL, NULL, NULL, NULL),
	('10048', '米妮哈鲁童装2017春装男童上衣中大童印花长袖T恤ZS5142熣', 'ZS5142', 99, 158, 6, '110/56,120/60,130/64,140/68,150/72,160/76', '灰色', 15, '米妮哈鲁', 'MH/10048/big/20161126001113_ZS5142.jpg', 'MH/10048/big/20161126001113_ZS5142.jpg', 'MH/10048/big/201611260011131_ZS5142.jpg', 'MH/10048/big/201611260011132_ZS5142.jpg', 'MH/10048/big/201611260011133_ZS5142.jpg', 'MH/10048/big/201611260011134_ZS5142.jpg', '1', 'MH/10048/details/TB2700MkpXXXXcnXpXXXXXXXXXX_!!1067628403.jpg', NULL, NULL, NULL, NULL, NULL, NULL, NULL, NULL, NULL, NULL, NULL, NULL, NULL, NULL, NULL, NULL, NULL, NULL, NULL, NULL, NULL, NULL, NULL, NULL, NULL, NULL, NULL, NULL, NULL, NULL, NULL, NULL, NULL, NULL, NULL, NULL, NULL),
	('10049', '米妮哈鲁童装2017春装新款女童韩版中大童牛仔裙连衣裙ZR4251泷', 'ZR4251', 159, 269, 6, '110,120,130,140,150,160', '蓝色', 92, '米妮哈鲁', 'MH/10049/big/1052778_G_1479873119270.jpg', 'MH/10049/big/1052778_G_1479873119270.jpg', 'MH/10049/big/201611231111131_ZR4251.jpg', 'MH/10049/big/201611231111132_ZR4251.jpg', 'MH/10049/big/201611231111133_ZR4251.jpg', 'MH/10049/big/201611231111134_ZR4251.jpg', '1', 'MH/10049/details/TB2ZI2CspXXXXajXpXXXXXXXXXX_!!1067628403.jpg', NULL, NULL, NULL, NULL, NULL, NULL, NULL, NULL, NULL, NULL, NULL, NULL, NULL, NULL, NULL, NULL, NULL, NULL, NULL, NULL, NULL, NULL, NULL, NULL, NULL, NULL, NULL, NULL, NULL, NULL, NULL, NULL, NULL, NULL, NULL, NULL, NULL),
	('10050', '米妮哈鲁贝肯熊2017新款春装运动套装长袖两件套YO7024畵1108', 'YO7024', 199, 409, 2, '110/56,120/60,130/64,140/68,150/72,160/76', '玫红色', 87, '米妮哈鲁', 'MH/10050/big/1052496_G_1478654292477.jpg', 'MH/10050/big/1052496_G_1478654292477.jpg', 'MH/10050/big/1052496_P_1478654264398.jpg', 'MH/10050/big/1052496_P_1478654263645.jpg', 'MH/10050/big/1052496_P_1478654263085.jpg', 'MH/10050/big/1052496_P_1478654263620.jpg', '1', 'MH/10050/details/TB2g27IcxeK.eBjSZFlXXaywXXa_!!1067628403.jpg', NULL, NULL, NULL, NULL, NULL, NULL, NULL, NULL, NULL, NULL, NULL, NULL, NULL, NULL, NULL, NULL, NULL, NULL, NULL, NULL, NULL, NULL, NULL, NULL, NULL, NULL, NULL, NULL, NULL, NULL, NULL, NULL, NULL, NULL, NULL, NULL, NULL),
	('10051', '尼班诗欧美2017春装新款女装贴布刺绣宽松牛仔短外套女WBZ6638霖', 'WBZ6638', 188, 339, 2, 'S,M,L', '蓝色', 135, '尼班诗', 'NBS/10051/big/20170106160123_WBZ6638.jpg', 'NBS/10051/big/20170106160123_WBZ6638.jpg', 'NBS/10051/big/201701061601231_WBZ6638.jpg', 'NBS/10051/big/201701061601232_WBZ6638.jpg', 'NBS/10051/big/201701061601233_WBZ6638.jpg', 'NBS/10051/big/201701061601234_WBZ6638.jpg', '1', 'NBS/10051/details/TB2tpwpXSBjpuFjy1XdXXaooVXa_!!1652742042.jpg', NULL, NULL, NULL, NULL, NULL, NULL, NULL, NULL, NULL, NULL, NULL, NULL, NULL, NULL, NULL, NULL, NULL, NULL, NULL, NULL, NULL, NULL, NULL, NULL, NULL, NULL, NULL, NULL, NULL, NULL, NULL, NULL, NULL, NULL, NULL, NULL, NULL),
	('10052', '尼班诗欧美2017春装新款女装宽松圆领短款套头长袖卫衣WUP1803裳', 'WUP1803', 108, 176, 1, 'S,M,L', '红色,绿色,黑色', 48, '尼班诗', 'NBS/10052/big/20170106160105_WUP1803.jpg', 'NBS/10052/big/20170106160105_WUP1803.jpg', 'NBS/10052/big/201701061601051_WUP1803.jpg', 'NBS/10052/big/201701061601052_WUP1803.jpg', 'NBS/10052/big/201701061601053_WUP1803.jpg', 'NBS/10052/big/201701061601054_WUP1803.jpg', '1', 'NBS/10052/details/TB2mpKUcxlmpuFjSZPfXXc9iXXa_!!1652742042.jpg', NULL, NULL, NULL, NULL, NULL, NULL, NULL, NULL, NULL, NULL, NULL, NULL, NULL, NULL, NULL, NULL, NULL, NULL, NULL, NULL, NULL, NULL, NULL, NULL, NULL, NULL, NULL, NULL, NULL, NULL, NULL, NULL, NULL, NULL, NULL, NULL, NULL),
	('10053', '尼班诗欧美2017春装新款女装翻领条纹宽松抽褶衬衫WUP2057裳1223', 'WUP2057', 128, 216, 9, 'S,M,L', '蓝色,粉色', 89, '尼班诗', 'NBS/10053/big/20170106160135_WUP2057.jpg', 'NBS/10053/big/20170106160135_WUP2057.jpg', 'NBS/10053/big/201701061601351_WUP2057.jpg', 'NBS/10053/big/201701061601352_WUP2057.jpg', 'NBS/10053/big/201701061601353_WUP2057.jpg', 'NBS/10053/big/201701061601354_WUP2057.jpg', '1', 'NBS/10053/details/TB2.jqubCVmpuFjSZFFXXcZApXa_!!1652742042.jpg', NULL, NULL, NULL, NULL, NULL, NULL, NULL, NULL, NULL, NULL, NULL, NULL, NULL, NULL, NULL, NULL, NULL, NULL, NULL, NULL, NULL, NULL, NULL, NULL, NULL, NULL, NULL, NULL, NULL, NULL, NULL, NULL, NULL, NULL, NULL, NULL, NULL),
	('10054', '尼班诗欧美2017春装新款女装上衣黄色七分袖套头修身喇叭袖针织衫', 'WEZ8546', 118, 199, 7, 'S,M,L', '白色,黑色,姜黄色,墨绿色', 12, '尼班诗', 'NBS/10054/big/20170106160105_WEZ8546.jpg', 'NBS/10054/big/20170106160105_WEZ8546.jpg', 'NBS/10054/big/201701061601051_WEZ8546.jpg', 'NBS/10054/big/201701061601052_WEZ8546.jpg', 'NBS/10054/big/201701061601053_WEZ8546.jpg', 'NBS/10054/big/201701061601054_WEZ8546.jpg', '1', 'NBS/10054/details/TB2SFarX0XnpuFjSZFoXXXLcpXa_!!1652742042.jpg', NULL, NULL, NULL, NULL, NULL, NULL, NULL, NULL, NULL, NULL, NULL, NULL, NULL, NULL, NULL, NULL, NULL, NULL, NULL, NULL, NULL, NULL, NULL, NULL, NULL, NULL, NULL, NULL, NULL, NULL, NULL, NULL, NULL, NULL, NULL, NULL, NULL),
	('10055', '尼班诗欧美2017春装新款女装条纹宽松流苏衬衫WHZ6167梵', 'WHZ6167', 118, 196, 2, 'S,M,L', '蓝色', 171, '尼班诗', 'NBS/10055/big/20170106030128_WHZ6167.jpg', 'NBS/10055/big/20170106030128_WHZ6167.jpg', 'NBS/10055/big/201701060301281_WHZ6167.jpg', 'NBS/10055/big/201701060301282_WHZ6167.jpg', 'NBS/10055/big/201701060301283_WHZ6167.jpg', 'NBS/10055/big/201701060301284_WHZ6167.jpg', '1', 'NBS/10055/details/TB2hIQXbItnpuFjSZFvXXbcTpXa_!!1652742042.jpg', NULL, NULL, NULL, NULL, NULL, NULL, NULL, NULL, NULL, NULL, NULL, NULL, NULL, NULL, NULL, NULL, NULL, NULL, NULL, NULL, NULL, NULL, NULL, NULL, NULL, NULL, NULL, NULL, NULL, NULL, NULL, NULL, NULL, NULL, NULL, NULL, NULL);
/*!40000 ALTER TABLE `goods` ENABLE KEYS */;


-- 导出  表 hd_project.hdindex 结构
CREATE TABLE IF NOT EXISTS `hdindex` (
  `id` int(11) NOT NULL AUTO_INCREMENT,
  `goodsID` char(50) NOT NULL DEFAULT '0',
  `goodsTitle` char(50) NOT NULL DEFAULT '0',
  `goodsImg` char(100) NOT NULL DEFAULT '0',
  `goodsPrice` float NOT NULL DEFAULT '0',
  `goodsOldPrice` float DEFAULT '0',
  `type` char(50) NOT NULL DEFAULT '0',
  `status` char(50) DEFAULT '0',
  PRIMARY KEY (`id`)
) ENGINE=InnoDB AUTO_INCREMENT=56 DEFAULT CHARSET=utf8 COMMENT='首页表';

-- 正在导出表  hd_project.hdindex 的数据：~52 rows (大约)
/*!40000 ALTER TABLE `hdindex` DISABLE KEYS */;
INSERT INTO `hdindex` (`id`, `goodsID`, `goodsTitle`, `goodsImg`, `goodsPrice`, `goodsOldPrice`, `type`, `status`) VALUES
	(1, '10001', '韩都衣舍2017韩版女装春装新款条纹套头宽松高领毛衣LF7092蒖', 'img/index/new_arrival/1055410_thumb_G_1483584631360.jpg', 168, 328, '韩风女装', 'new'),
	(2, '10002', '韩都衣舍2017韩版女装春装新款纯色宽松套头高领针织衫NG6445蒖', 'img/index/new_arrival/1483075247333665789.jpg', 128, 258, '韩风女装', 'new'),
	(3, '10003', '韩都衣舍2017韩版女装春装新款圆领条纹绑带宽松百搭T恤OU8011筱', 'img/index/new_arrival/1482993569455788072.jpg', 86, 188, '韩风女装', 'new'),
	(4, '10004', '韩都衣舍2017韩版女装春装新款纯色宽松套头高领针织衫NG6445蒖', 'img/index/new_arrival/1482991483446379099.jpg', 188, 258, '韩风女装', 'new'),
	(5, '10005', '韩都衣舍2017韩版女装春装新款套头字母露肩连帽宽松卫衣JZ7813筱', 'img/index/new_arrival/1482991713669415129.jpg', 98, 228, '韩风女装', 'new'),
	(6, '10006', '娜娜日记甜美女装2017春装新款黑色黄色学生长袖T恤女宽松NP6596', 'img/index/new_arrival/1053949_thumb_G_1481680622179.jpg', 99, 188, '甜美少女', 'new'),
	(7, '10007', '娜娜日记甜美女装2016秋季新款黑色V领荷叶边连衣裙短裙NL6228嬛', 'img/index/new_arrival/1053346_thumb_G_1481611272673.jpg', 138, 258, '甜美少女', 'new'),
	(8, '10008', '娜娜日记甜美女装2016冬新款五分袖套头黑色连衣裙女NP6098媄1202', 'img/index/new_arrival/1053317_thumb_G_1481612039563.jpg', 156, 278, '甜美少女', 'new'),
	(9, '10009', '娜娜日记甜美女装2016秋季新款粉色开叉镂空系绳T恤NU6013晗1202', 'img/index/new_arrival/1053310_thumb_G_1481612019799.jpg', 109, 188, '甜美少女', 'new'),
	(10, '10010', '娜娜日记甜美女装2016秋季新款纯色学生长袖T恤女NL6873嬛1202', 'img/index/new_arrival/1053302_thumb_G_1481611963905.jpg', 148, 148, '甜美少女', 'new'),
	(11, '10011', '迪葵纳中老年女装2017春装新款中年妈妈装上衣T恤WD5360轩0103', 'img/index/new_arrival/1483473019693454300.jpg', 129, 188, '迪葵纳', 'new'),
	(12, '10012', '迪葵纳妈妈装2017春装新款中年中老年女装长袖针织衫WQ6274沣0103', 'img/index/new_arrival/1483127403297240315.jpg', 169, 299, '迪葵纳', 'new'),
	(13, '10013', '迪葵纳妈妈装秋装新款中老年女装中年长袖针织衫WF6102咲0830', 'img/index/new_arrival/1472673020345855165.jpg', 118, 279, '迪葵纳', 'new'),
	(14, '10014', '迪葵纳秋装新款中老年女装中年妈妈装上衣长袖毛衣FQ6019莜0823', 'img/index/new_arrival/1471981819434293209.jpg', 99, 249, '迪葵纳', 'new'),
	(15, '10015', '迪葵纳秋装新款中老年女装中年妈妈装长袖印花针织衫FQ6069莜0816', 'img/index/new_arrival/1471463409353672850.jpg', 139, 279, '迪葵纳', 'new'),
	(16, '10016', '哲初女装2017春装新款七分袖撞色条纹时尚百搭毛织T恤YZ7079', 'img/index/new_arrival/1054682_thumb_G_1482457993613.jpg', 89, 169, '简约女装', 'new'),
	(17, '10017', '哲初女装2017春装新款圆领套头时尚卷边落肩休闲T恤YZ7209', 'img/index/new_arrival/1054677_thumb_G_1482457463096.jpg', 79, 139, '简约女装', 'new'),
	(18, '10018', '哲初女装2017春装新款背带收腰系带下摆开叉连衣裙ZZ7041', 'img/index/new_arrival/1054666_thumb_G_1482455692895.jpg', 139, 249, '简约女装', 'new'),
	(19, '10019', '哲初女装2016新款秋装套头连帽卫衣上衣长袖宽松显瘦YH7050', 'img/index/new_arrival/1052348_thumb_G_1478143592071.jpg', 129, 229, '简约女装', 'new'),
	(20, '10020', '哲初女装2016新款秋装套头卫衣上衣长袖宽松显瘦刺绣ZZ7064', 'img/index/new_arrival/1052346_thumb_G_1478143058051.jpg', 109, 199, '简约女装', 'new'),
	(21, '10021', '米妮哈鲁童装男宝宝婴幼童2017春装新款卡通纯棉长袖毛衣YL6232瑤', 'img/index/new_arrival/1483062434134975984.jpg', 228, 228, '韩风童装', 'new'),
	(22, '10022', '米妮哈鲁童装2017春新女童韩版裙子中大童连衣裙儿童纯棉公主裙ZR6693泷', 'img/index/new_arrival/1055084_thumb_G_1482983794337.jpg', 89, 249, '韩风童装', 'new'),
	(23, '10023', '米妮哈鲁童装2017春装新款女童韩版儿童棒球衫外套ZY6298鋐', 'img/index/new_arrival/1481905301915601057.jpg', 149, 289, '韩风童装', 'new'),
	(24, '10024', '米妮哈鲁童装2017春装新款女童中大童韩版连衣裙裙子ZH6454抍', 'img/index/new_arrival/1053894_thumb_G_1481262808564.jpg', 159, 279, '韩风童装', 'new'),
	(25, '10025', '米妮哈鲁童装2016春装新款男童韩版中大童上衣外套ZE5205熣', 'img/index/new_arrival/1462983942381277285.jpg', 149, 239, '韩风童装', 'new'),
	(26, '10026', '韩都衣舍2017韩版女装春装新款立领字母刺绣宽松短外套TK7904筱', 'img/index/HS/1042716_thumb_G_1479463430084.jpg', 168, 418, '韩都衣舍', 'normal'),
	(27, '10027', '韩都衣舍2017韩版女装春装新款纯色宽松显瘦连帽卫衣DL7497筱', 'img/index/HS/1477632277549701332.jpg', 126, 288, '韩都衣舍', 'normal'),
	(28, '10028', '韩都衣舍2017韩版女装春装新款半高领刺绣宽松长袖T恤HH7449筱', 'img/index/HS/1476440671526115624.jpg', 88, 208, '韩都衣舍', 'normal'),
	(29, '10029', '韩都衣舍2017韩版女装春装新款显瘦A字纯色开叉半身裙JT6924莯', 'img/index/HS/1052721_thumb_G_1479460499698.jpg', 129, 298, '韩都衣舍', 'normal'),
	(30, '10030', '韩都衣舍2017韩版女春新款显瘦拼接中长假两件连衣裙GJ6898茆', 'img/index/HS/1480494216635151115.jpg', 166, 308, '韩都衣舍', 'normal'),
	(31, '10031', '韩都衣舍2017韩版女装春装新款纯色宽松针织衫MR6628汩', 'img/index/HS/1052803_thumb_G_1479966692946.jpg', 136, 288, '韩都衣舍', 'normal'),
	(32, '10032', '韩都衣舍2017韩版女装春新款荷叶边吊带两件套长袖连衣裙NJ7858翝', 'img/index/HS/1481702000465368310.jpg', 138, 288, '韩都衣舍', 'normal'),
	(33, '10033', '韩都衣舍2017韩版女装春新款宽松连帽字母加绒卫衣OY6103焕', 'img/index/HS/1479112067263887438.jpg', 88, 288, '韩都衣舍', 'normal'),
	(34, '10034', '韩都衣舍2016秋季新款韩版宽松显瘦哈伦运动裤女长裤休闲裤MY5448', 'img/index/HS/1476267805832961104.jpg', 98, 208, '韩都衣舍', 'normal'),
	(35, '10035', '韩都衣舍2016秋季新款韩版宽松套头V领长袖针织衫女YK6128鲲', 'img/index/HS/1052733_thumb_G_1479697810922.jpg', 98, 248, '韩都衣舍', 'normal'),
	(36, '10036', '迪葵纳中老年女装2017春装新款中年妈妈装上衣T恤WF6276咲0110', 'img/index/DK/1484077846866301381.jpg', 149, 249, '迪葵纳', 'normal'),
	(37, '10037', '迪葵纳中老年女装2017春装新款中年妈妈装T恤女上衣FQ6317莜0110', 'img/index/DK/1484077841786739683.jpg', 159, 268, '迪葵纳', 'normal'),
	(38, '10038', '迪葵纳2017春装新款中老年女装中年妈妈装印花衬衫FQ6938莜0110', 'img/index/DK/1484077832273808065.jpg', 278, 278, '迪葵纳', 'normal'),
	(39, '10039', '迪葵纳秋冬中老年女装棉服中年女上衣妈妈装棉衣外套FQ4661莜0823', 'img/index/DK/1471981855281044051.jpg', 209, 439, '迪葵纳', 'normal'),
	(40, '10040', '迪葵纳妈妈装春装新款中年女上衣印花中老年女装长袖T恤WD4753轩', 'img/index/DK/1464061507310847075.jpg', 129, 228, '迪葵纳', 'normal'),
	(41, '10041', '娜娜日记甜美女装2016冬装新款冬季外套中长款羽绒服女加厚NP6266', 'img/index/NN/1474834236468808448.jpg', 708, 708, '娜娜日记', 'normal'),
	(42, '10042', '娜娜日记甜美女装2016冬装新款蓝色中长款毛呢外套女NL6013嬛0822', 'img/index/NN/1049456_thumb_G_1479982312900.jpg', 245, 718, '娜娜日记', 'normal'),
	(43, '10043', '娜娜日记甜美女装2016秋装新款白色圆领贴布针织衫NL6078嬛0728', 'img/index/NN/1047222_thumb_G_1473842968874.jpg', 112, 248, '娜娜日记', 'normal'),
	(44, '10044', '娜娜日记甜美女装2016秋装新款宽松粉七分袖毛针织衫NK5732冉0714', 'img/index/NN/1046318_thumb_G_1473843818947.jpg', 95, 228, '娜娜日记', 'normal'),
	(45, '10045', '娜娜日记甜美女装2016秋装新款短款纯色破洞长袖T恤NL5677嬛0708', 'img/index/NN/1046131_thumb_G_1473843851049.jpg', 86, 168, '娜娜日记', 'normal'),
	(46, '10046', '米妮哈鲁童装2017春装新款韩版女童牛仔背带裙YO6373畵', 'img/index/MH/1481905291269526708.jpg', 149, 249, '米妮哈鲁', 'normal'),
	(47, '10047', '米妮哈鲁童装2017年春装新款男童中大长袖贝肯熊套头卫衣YJ6003樂', 'img/index/MH/1481214024152780534.jpg', 119, 209, '米妮哈鲁', 'normal'),
	(48, '10048', '米妮哈鲁童装2017春装男童上衣中大童印花长袖T恤ZS5142熣', 'img/index/MH/1480090934378953767.jpg', 99, 158, '米妮哈鲁', 'normal'),
	(49, '10049', '米妮哈鲁童装2017春装新款女童韩版中大童牛仔裙连衣裙ZR4251泷', 'img/index/MH/1052778_thumb_G_1479873119644.jpg', 159, 269, '米妮哈鲁', 'normal'),
	(50, '10050', '米妮哈鲁贝肯熊2017新款春装运动套装长袖两件套YO7024畵1108', 'img/index/MH/1052496_thumb_G_1478654292715.jpg', 199, 409, '米妮哈鲁', 'normal'),
	(51, '10051', '尼班诗欧美2017春装新款女装贴布刺绣宽松牛仔短外套女WBZ6638霖', 'img/index/NBS/1483691363389744094.jpg', 188, 339, '尼班诗', 'normal'),
	(52, '10052', '尼班诗欧美2017春装新款女装宽松圆领短款套头长袖卫衣WUP1803裳', 'img/index/NBS/1483691286796227417.jpg', 108, 176, '尼班诗', 'normal'),
	(53, '10053', '尼班诗欧美2017春装新款女装翻领条纹宽松抽褶衬衫WUP2057裳1223', 'img/index/NBS/1483691255109337095.jpg', 128, 216, '尼班诗', 'normal'),
	(54, '10054', '尼班诗欧美2017春装新款女装上衣黄色七分袖套头修身喇叭袖针织衫', 'img/index/NBS/1483691165353052065.jpg', 118, 199, '尼班诗', 'normal'),
	(55, '10055', '尼班诗欧美2017春装新款女装条纹宽松流苏衬衫WHZ6167梵', 'img/index/NBS/1483645288009387925.jpg', 128, 196, '尼班诗', 'normal');
/*!40000 ALTER TABLE `hdindex` ENABLE KEYS */;
/*!40101 SET SQL_MODE=IFNULL(@OLD_SQL_MODE, '') */;
/*!40014 SET FOREIGN_KEY_CHECKS=IF(@OLD_FOREIGN_KEY_CHECKS IS NULL, 1, @OLD_FOREIGN_KEY_CHECKS) */;
/*!40101 SET CHARACTER_SET_CLIENT=@OLD_CHARACTER_SET_CLIENT */;
